ARCH: blackhole, CHIP_FREQ[MHz]: 1350, Max Compute Cores: 120
PCIe slot, core_x, core_y, RISC processor type, timer_id, time[cycles since reset], data, run host ID, trace id, trace id counter, zone name, type, source line, source file, meta data
0,1,2,BRISC,51381,15495582552979,0,0,,,BRISC-FW,ZONE_START,433,/home/nx09/nx09/nebriscv/tt-metal-0.74/tt-metal/tt_metal/hw/firmware/src/tt-1xx/brisc.cc,
0,1,2,BRISC,31418,15495582553762,0,0,,,BRISC-KERNEL,ZONE_START,77,/home/nx09/nx09/nebriscv/tt-metal-0.74/tt-metal/tt_metal/hw/firmware/src/tt-1xx/brisck.cc,
0,1,2,BRISC,31418,15495582594686,0,0,,,BRISC-KERNEL,ZONE_END,77,/home/nx09/nx09/nebriscv/tt-metal-0.74/tt-metal/tt_metal/hw/firmware/src/tt-1xx/brisck.cc,
0,1,2,BRISC,51381,15495582595354,0,0,,,BRISC-FW,ZONE_END,433,/home/nx09/nx09/nebriscv/tt-metal-0.74/tt-metal/tt_metal/hw/firmware/src/tt-1xx/brisc.cc,
0,1,2,NCRISC,49034,15495582553131,0,0,,,NCRISC-FW,ZONE_START,129,/home/nx09/nx09/nebriscv/tt-metal-0.74/tt-metal/tt_metal/hw/firmware/src/tt-1xx/ncrisc.cc,
0,1,2,NCRISC,13096,15495582553638,0,0,,,NCRISC-KERNEL,ZONE_START,69,/home/nx09/nx09/nebriscv/tt-metal-0.74/tt-metal/tt_metal/hw/firmware/src/tt-1xx/ncrisck.cc,
0,1,2,NCRISC,13096,15495582595233,0,0,,,NCRISC-KERNEL,ZONE_END,69,/home/nx09/nx09/nebriscv/tt-metal-0.74/tt-metal/tt_metal/hw/firmware/src/tt-1xx/ncrisck.cc,
0,1,2,NCRISC,49034,15495582595261,0,0,,,NCRISC-FW,ZONE_END,129,/home/nx09/nx09/nebriscv/tt-metal-0.74/tt-metal/tt_metal/hw/firmware/src/tt-1xx/ncrisc.cc,
0,1,2,TRISC_0,30839,15495582553252,0,0,,,TRISC-FW,ZONE_START,150,/home/nx09/nx09/nebriscv/tt-metal-0.74/tt-metal/tt_metal/hw/firmware/src/tt-1xx/trisc.cc,
0,1,2,TRISC_0,60173,15495582553678,0,0,,,TRISC-KERNEL,ZONE_START,86,/home/nx09/nx09/nebriscv/tt-metal-0.74/tt-metal/tt_metal/hw/firmware/src/tt-1xx/trisck.cc,
0,1,2,TRISC_0,60173,15495582594770,0,0,,,TRISC-KERNEL,ZONE_END,86,/home/nx09/nx09/nebriscv/tt-metal-0.74/tt-metal/tt_metal/hw/firmware/src/tt-1xx/trisck.cc,
0,1,2,TRISC_0,30839,15495582594807,0,0,,,TRISC-FW,ZONE_END,150,/home/nx09/nx09/nebriscv/tt-metal-0.74/tt-metal/tt_metal/hw/firmware/src/tt-1xx/trisc.cc,
0,1,2,TRISC_1,30839,15495582553244,0,0,,,TRISC-FW,ZONE_START,150,/home/nx09/nx09/nebriscv/tt-metal-0.74/tt-metal/tt_metal/hw/firmware/src/tt-1xx/trisc.cc,
0,1,2,TRISC_1,60173,15495582553421,0,0,,,TRISC-KERNEL,ZONE_START,86,/home/nx09/nx09/nebriscv/tt-metal-0.74/tt-metal/tt_metal/hw/firmware/src/tt-1xx/trisck.cc,
0,1,2,TRISC_1,60173,15495582592652,0,0,,,TRISC-KERNEL,ZONE_END,86,/home/nx09/nx09/nebriscv/tt-metal-0.74/tt-metal/tt_metal/hw/firmware/src/tt-1xx/trisck.cc,
0,1,2,TRISC_1,30839,15495582594759,0,0,,,TRISC-FW,ZONE_END,150,/home/nx09/nx09/nebriscv/tt-metal-0.74/tt-metal/tt_metal/hw/firmware/src/tt-1xx/trisc.cc,
0,1,2,TRISC_2,30839,15495582553253,0,0,,,TRISC-FW,ZONE_START,150,/home/nx09/nx09/nebriscv/tt-metal-0.74/tt-metal/tt_metal/hw/firmware/src/tt-1xx/trisc.cc,
0,1,2,TRISC_2,60173,15495582553682,0,0,,,TRISC-KERNEL,ZONE_START,86,/home/nx09/nx09/nebriscv/tt-metal-0.74/tt-metal/tt_metal/hw/firmware/src/tt-1xx/trisck.cc,
0,1,2,TRISC_2,60173,15495582593980,0,0,,,TRISC-KERNEL,ZONE_END,86,/home/nx09/nx09/nebriscv/tt-metal-0.74/tt-metal/tt_metal/hw/firmware/src/tt-1xx/trisck.cc,
0,1,2,TRISC_2,30839,15495582594811,0,0,,,TRISC-FW,ZONE_END,150,/home/nx09/nx09/nebriscv/tt-metal-0.74/tt-metal/tt_metal/hw/firmware/src/tt-1xx/trisc.cc,
